<step title="Incoming Request" date="2026-01-10T10:35:31.882" instance="a2b4eb" url="/api/publish?type=zip" method="POST" type="request" pid="833,1,7" Accept="*/*" Host="snapfest-api.scm.azurewebsites.net" User-Agent="AZURECLI/2.81.0 (HOMEBREW)" Accept-Encoding="gzip, deflate" Authorization="Bea..." Cache-Control="no-cache" Content-Type="application/octet-stream" Content-Length="2938673" x-ms-client-request-id="fe53791c-ee0f-11f0-84d5-96cb3f1f54c3" x-ms-artifact-checksum="c61aa51b88cb6dfa80f2de308c97a98d70eddc738d6bd025e5e3627fda2a878e" X-ARR-LOG-ID="fe53791c-ee0f-11f0-84d5-96cb3f1f54c3" CLIENT-IP="104.28.244.15:41784" X-SITE-DEPLOYMENT-ID="snapfest-api" WAS-DEFAULT-HOSTNAME="snapfest-api.scm.azurewebsites.net" X-Forwarded-Proto="https" X-AppService-Proto="https" X-Forwarded-TlsVersion="1.3" X-WAWS-Unencoded-URL="/api/publish?type=zip" X-Client-IP="104.28.244.15" X-Client-Port="41784" >
  <step title="OneDeploy" date="2026-01-10T10:35:32.716" >
    <step title="None repository commit" date="2026-01-10T10:35:32.764" >
      <step title="Commit id: 4f4014ec-1b51-4386-9f74-dd9480eec9b1" date="2026-01-10T10:35:32.784" Message="N/A" AuthorName="N/A" AuthorEmail="N/A" /><!-- duration: 20ms -->
    </step><!-- duration: 83ms -->
    <step title="Starting PushDeployAsync" date="2026-01-10T10:35:32.865" /><!-- duration: 13ms -->
    <step title="Writing artifact to /tmp/zipdeploy/5214aa64-ecea-46a5-a77c-6ef360264ae5.zip" date="2026-01-10T10:35:32.932" >
      <step title="Writing multipart request body to /tmp/zipdeploy/5214aa64-ecea-46a5-a77c-6ef360264ae5.zip" date="2026-01-10T10:35:32.946" /><!-- duration: 9ms -->
    </step><!-- duration: 257ms -->
    <step title="Attempting to fetch target branch HEAD" date="2026-01-10T10:35:33.203" /><!-- duration: 4ms -->
    <step title="Acquiring Deployment Lock" date="2026-01-10T10:35:33.212" /><!-- duration: 4ms -->
    <step title="Acquired Deployment Lock" date="2026-01-10T10:35:33.263" /><!-- duration: 4ms -->
    <step title="Performing fetch based deployment" date="2026-01-10T10:35:33.286" >
      <step title="Creating temporary deployment" date="2026-01-10T10:35:33.291" /><!-- duration: 75ms -->
      <step title="Releasing Deployment Lock" date="2026-01-10T10:35:34.990" /><!-- duration: 61ms -->
      <step title="Cleaning up temp folders from previous zip deployments and extracting pushed zip file /tmp/zipdeploy/5214aa64-ecea-46a5-a77c-6ef360264ae5.zip (2.80 MB) to /tmp/zipdeploy/extracted" date="2026-01-10T10:35:35.452" >
        <step title="ChmodRecursive Process exited with total time taken in ms: 178" date="2026-01-10T10:35:35.885" /><!-- duration: 21ms -->
      </step><!-- duration: 483ms -->
      <step title="None repository commit" date="2026-01-10T10:35:35.957" >
        <step title="Commit id: 4f4014ec-1b51-4386-9f74-dd9480eec9b1" date="2026-01-10T10:35:35.987" Message="OneDeploy" AuthorName="N/A" AuthorEmail="N/A" /><!-- duration: 40ms -->
      </step><!-- duration: 118ms -->
      <step title="Deployment timer started" date="2026-01-10T10:35:38.099" >
        <step title="DeploymentManager.Deploy(id:4f4014ec-1b51-4386-9f74-dd9480eec9b1)" date="2026-01-10T10:35:38.106" >
          <step title="Collecting changeset information" date="2026-01-10T10:35:38.140" /><!-- duration: 102ms -->
          <step title="Updating submodules" date="2026-01-10T10:35:38.261" /><!-- duration: 1156ms -->
          <step title="Determining deployment builder" date="2026-01-10T10:35:39.892" >
            <step title="Builder is OneDeployBuilder" date="2026-01-10T10:35:39.932" /><!-- duration: 21ms -->
          </step><!-- duration: 73ms -->
          <step title="PreDeployment: context.CleanOutputPath False" date="2026-01-10T10:35:40.105" >
            <step title="PreDeployment: context.OutputPath /home/site/wwwroot" date="2026-01-10T10:35:40.408" >
              <step title="Building" date="2026-01-10T10:35:40.653" >
                <step title="Executing external process" date="2026-01-10T10:35:41.311" type="process" path="starter.sh" arguments="/opt/Kudu/Scripts/parallel_rsync.sh /tmp/zipdeploy/extracted /home/site/wwwroot 8 /tmp/ False False  " /><!-- duration: 5333ms -->
                <step title="Modified file to trigger a restart of the app container." date="2026-01-10T10:35:47.184" /><!-- duration: 4ms -->
                <step title="Skip function trigger and logicapp sync because function is not enabled." date="2026-01-10T10:35:47.193" /><!-- duration: 11ms -->
              </step><!-- duration: 7408ms -->
            </step><!-- duration: 7663ms -->
            <step title="Cleaning up temp files" date="2026-01-10T10:35:48.076" /><!-- duration: 5ms -->
            <step title="Cleaning up temp files" date="2026-01-10T10:35:48.091" /><!-- duration: 505ms -->
            <step title="Reloading status file with latest updates" date="2026-01-10T10:35:48.647" >
              <step title="WebHooksManager.PublishEventAsync: PostDeployment" date="2026-01-10T10:35:48.660" /><!-- duration: 93ms -->
            </step><!-- duration: 110ms -->
            <step title="Cleaning up temporary deployment - fetch deployment was successful" date="2026-01-10T10:35:48.763" /><!-- duration: 4ms -->
          </step><!-- duration: 8744ms -->
        </step><!-- duration: 10750ms -->
        <step title="Outgoing response" date="2026-01-10T10:35:48.874" type="response" statusCode="200" statusText="OK" /><!-- duration: 4ms -->
      </step><!-- duration: 10783ms -->
