﻿<?xml version="1.0" encoding="utf-8"?>
<deployment>
  <id>4f4014ec-1b51-4386-9f74-dd9480eec9b1</id>
  <author>N/A</author>
  <deployer>OneDeploy</deployer>
  <authorEmail>N/A</authorEmail>
  <message>OneDeploy</message>
  <progress></progress>
  <status>Success</status>
  <statusText></statusText>
  <lastSuccessEndTime>2026-01-10T10:35:47.6186615Z</lastSuccessEndTime>
  <receivedTime>2026-01-10T10:35:38.1783384Z</receivedTime>
  <startTime>2026-01-10T10:35:39.7544219Z</startTime>
  <endTime>2026-01-10T10:35:47.6186615Z</endTime>
  <complete>True</complete>
  <is_temp>False</is_temp>
  <is_readonly>True</is_readonly>
  <buildSummary />
</deployment>